{"cameraMode":{"drawMode":0,"name":"Shaded","section":"Shading Mode"},"sceneLighting":true,"audioPlay":false,"sceneViewState":{"showFog":true,"showMaterialUpdate":false,"showSkybox":true,"showFlares":true,"showImageEffects":true,"showParticleSystems":true},"in2DMode":false,"pivot":{"x":1.433178424835205,"y":-2.189635753631592,"z":-6.803708076477051},"rotation":{"x":-0.029372261837124826,"y":0.9554234743118286,"z":-0.2755739986896515,"w":-0.10184994339942932},"size":6.322799205780029,"orthographic":false}