{"cameraMode":{"drawMode":0,"name":"Shaded","section":"Shading Mode"},"sceneLighting":true,"audioPlay":false,"sceneViewState":{"showFog":true,"showMaterialUpdate":false,"showSkybox":true,"showFlares":true,"showImageEffects":true,"showParticleSystems":true},"in2DMode":false,"pivot":{"x":-1.5047664642333985,"y":-4.694128036499023,"z":-2.539459705352783},"rotation":{"x":0.14331501722335816,"y":-0.8258429169654846,"z":0.2422371208667755,"w":0.4886554479598999},"size":18.644121170043947,"orthographic":false}