{"cameraMode":{"drawMode":0,"name":"Shaded","section":"Shading Mode"},"sceneLighting":false,"audioPlay":false,"sceneViewState":{"showFog":true,"showMaterialUpdate":false,"showSkybox":false,"showFlares":true,"showImageEffects":true,"showParticleSystems":true},"in2DMode":false,"pivot":{"x":-1.2447471618652344,"y":0.061420440673828128,"z":0.6341840028762817},"rotation":{"x":-0.06552182137966156,"y":-0.5134143829345703,"z":0.039345964789390567,"w":-0.8547683954238892},"size":6.052011966705322,"orthographic":false}