{"cameraMode":{"drawMode":0,"name":"Shaded","section":"Shading Mode"},"sceneLighting":true,"audioPlay":false,"sceneViewState":{"showFog":true,"showMaterialUpdate":false,"showSkybox":true,"showFlares":true,"showImageEffects":true,"showParticleSystems":true},"in2DMode":false,"pivot":{"x":1.6020594835281373,"y":-2.6275365352630617,"z":6.358763694763184},"rotation":{"x":-0.2876231074333191,"y":0.06802978366613388,"z":-0.020495085045695306,"w":-0.9551230669021606},"size":13.428284645080567,"orthographic":false}