{"cameraMode":{"drawMode":0,"name":"Shaded","section":"Shading Mode"},"sceneLighting":false,"audioPlay":false,"sceneViewState":{"showFog":true,"showMaterialUpdate":false,"showSkybox":false,"showFlares":true,"showImageEffects":true,"showParticleSystems":true},"in2DMode":false,"pivot":{"x":3.755000114440918,"y":-0.06999999284744263,"z":5.895817756652832},"rotation":{"x":0.5590958595275879,"y":-0.10299529880285263,"z":0.06997630000114441,"w":0.8198183178901672},"size":9.481083869934082,"orthographic":false}