{"cameraMode":{"drawMode":0,"name":"Shaded","section":"Shading Mode"},"sceneLighting":true,"audioPlay":false,"sceneViewState":{"showFog":true,"showMaterialUpdate":false,"showSkybox":true,"showFlares":true,"showImageEffects":true,"showParticleSystems":true},"in2DMode":false,"pivot":{"x":-1.9280329942703248,"y":-0.07862164825201035,"z":36.980201721191409},"rotation":{"x":-0.004498128313571215,"y":0.021604640409350396,"z":-0.0001299197756452486,"w":-0.9997859001159668},"size":34.09992980957031,"orthographic":false}