{"cameraMode":{"drawMode":0,"name":"Shaded","section":"Shading Mode"},"sceneLighting":true,"audioPlay":false,"sceneViewState":{"showFog":true,"showMaterialUpdate":false,"showSkybox":true,"showFlares":true,"showImageEffects":true,"showParticleSystems":true},"in2DMode":false,"pivot":{"x":1.924883484840393,"y":0.011738835833966732,"z":6.747811794281006},"rotation":{"x":0.06176392361521721,"y":0.9367021322250366,"z":-0.21438848972320558,"w":0.26985907554626467},"size":1.7641496658325196,"orthographic":false}