{"cameraMode":{"drawMode":0,"name":"Shaded","section":"Shading Mode"},"sceneLighting":true,"audioPlay":false,"sceneViewState":{"showFog":true,"showMaterialUpdate":false,"showSkybox":true,"showFlares":true,"showImageEffects":true,"showParticleSystems":true},"in2DMode":false,"pivot":{"x":405.8312683105469,"y":-422.0918273925781,"z":672.3945922851563},"rotation":{"x":0.230756476521492,"y":0.2544385492801666,"z":-0.06292334944009781,"w":0.9371529817581177},"size":484.51220703125,"orthographic":false}