{"cameraMode":{"drawMode":0,"name":"Shaded","section":"Shading Mode"},"sceneLighting":true,"audioPlay":false,"sceneViewState":{"showFog":true,"showMaterialUpdate":false,"showSkybox":true,"showFlares":true,"showImageEffects":true,"showParticleSystems":true},"in2DMode":false,"pivot":{"x":12.243270874023438,"y":6.001094341278076,"z":2.4346892833709719},"rotation":{"x":0.133883997797966,"y":0.8422569036483765,"z":-0.24429841339588166,"w":0.4615485668182373},"size":4.3313374519348148,"orthographic":false}