{"cameraMode":{"drawMode":0,"name":"Shaded","section":"Shading Mode"},"sceneLighting":true,"audioPlay":false,"sceneViewState":{"showFog":true,"showMaterialUpdate":false,"showSkybox":true,"showFlares":true,"showImageEffects":true,"showParticleSystems":true},"in2DMode":false,"pivot":{"x":5.681820869445801,"y":7.9778056144714359,"z":1.0604981184005738},"rotation":{"x":0.22290487587451936,"y":-0.06574774533510208,"z":0.015066777355968953,"w":0.9725238680839539},"size":8.765954971313477,"orthographic":false}