{"cameraMode":{"drawMode":0,"name":"Shaded","section":"Shading Mode"},"sceneLighting":true,"audioPlay":false,"sceneViewState":{"showFog":true,"showMaterialUpdate":false,"showSkybox":true,"showFlares":true,"showImageEffects":true,"showParticleSystems":true},"in2DMode":false,"pivot":{"x":1.6239999532699586,"y":0.703000009059906,"z":-4.01200008392334},"rotation":{"x":0.024072127416729928,"y":0.6943888664245606,"z":-0.02302158996462822,"w":0.7189167141914368},"size":22.0,"orthographic":false}