{"cameraMode":{"drawMode":0,"name":"Shaded","section":"Shading Mode"},"sceneLighting":true,"audioPlay":false,"sceneViewState":{"showFog":true,"showMaterialUpdate":false,"showSkybox":true,"showFlares":true,"showImageEffects":true,"showParticleSystems":true},"in2DMode":false,"pivot":{"x":4.338613033294678,"y":-17.859811782836915,"z":83.66632843017578},"rotation":{"x":0.10809942334890366,"y":0.013478463515639305,"z":-0.0013026985106989742,"w":0.994110107421875},"size":94.79590606689453,"orthographic":false}