{"cameraMode":{"drawMode":0,"name":"Shaded","section":"Shading Mode"},"sceneLighting":true,"audioPlay":false,"sceneViewState":{"showFog":true,"showMaterialUpdate":false,"showSkybox":true,"showFlares":true,"showImageEffects":true,"showParticleSystems":true},"in2DMode":false,"pivot":{"x":15.905760765075684,"y":-27.165950775146486,"z":67.88764190673828},"rotation":{"x":0.17995168268680573,"y":0.0972803458571434,"z":-0.017731722444295884,"w":0.9787546396255493},"size":80.94185638427735,"orthographic":false}